timestamp,open,high,low,close,volume
2023-04-06 20:00:00,130.5000,130.5000,130.5000,130.5000,100
2023-04-06 19:15:00,130.4400,130.4400,130.4400,130.4400,100
2023-04-06 17:30:00,130.5300,130.5300,130.4800,130.4800,1285
2023-04-06 17:15:00,130.5100,130.5100,130.5100,130.5100,501
2023-04-06 16:45:00,130.7000,130.7000,130.7000,130.7000,100
2023-04-06 16:15:00,130.5000,130.5000,130.4100,130.5000,88310
2023-04-06 16:00:00,130.4800,130.5400,130.3150,130.5100,367073
2023-04-06 15:45:00,130.6450,130.6700,130.4350,130.4900,120339
2023-04-06 15:30:00,130.7199,130.7201,130.5600,130.6450,80851
2023-04-06 15:15:00,130.6100,130.8000,130.6000,130.7200,62534
2023-04-06 15:00:00,130.5100,130.6900,130.4600,130.6050,70525
2023-04-06 14:45:00,130.5900,130.6500,130.5200,130.5300,68487
2023-04-06 14:30:00,130.6600,130.7050,130.5400,130.5800,50537
2023-04-06 14:15:00,130.5450,130.7400,130.4878,130.6500,61341
2023-04-06 14:00:00,130.6400,130.6500,130.4300,130.5348,83903
2023-04-06 13:45:00,130.8600,130.9400,130.6300,130.6400,66554
2023-04-06 13:30:00,130.8750,131.0400,130.8600,130.8600,73860
2023-04-06 13:15:00,130.9900,131.0400,130.8600,130.8800,37432
2023-04-06 13:00:00,130.8800,131.0600,130.8400,131.0000,64965
2023-04-06 12:45:00,130.6800,130.9500,130.6700,130.8500,63839
2023-04-06 12:30:00,130.7100,130.8200,130.5900,130.6800,47585
2023-04-06 12:15:00,130.6600,130.7205,130.3900,130.6805,175764
2023-04-06 12:00:00,130.5300,130.7900,130.5300,130.6800,71887
2023-04-06 11:45:00,130.7000,130.7800,130.4650,130.5200,106862
2023-04-06 11:30:00,130.8850,130.9215,130.6500,130.6900,71301
2023-04-06 11:15:00,130.8600,131.0100,130.7900,130.8700,89217
2023-04-06 11:00:00,131.0400,131.0600,130.7417,130.8800,99216
2023-04-06 10:45:00,131.1200,131.1700,130.9800,131.0400,94388
2023-04-06 10:30:00,131.3900,131.4700,131.0800,131.1300,73612
2023-04-06 10:15:00,131.2900,131.4600,131.1600,131.3700,77130
2023-04-06 10:00:00,131.4100,131.5250,131.2300,131.2900,85130
2023-04-06 09:45:00,132.1600,132.6000,131.2500,131.4100,192724
2023-04-06 09:15:00,132.2400,132.2400,132.2400,132.2400,776
2023-04-06 08:45:00,132.3000,132.3000,132.3000,132.3000,786
2023-04-05 17:30:00,132.0000,132.0000,132.0000,132.0000,178
2023-04-05 16:30:00,132.2000,132.3500,132.2000,132.3500,1400
2023-04-05 16:15:00,132.1400,132.1400,132.1400,132.1400,199920
2023-04-05 16:00:00,132.0200,132.1500,131.8600,132.1400,298556
2023-04-05 15:45:00,131.9700,132.0900,131.8900,132.0400,144122
2023-04-05 15:30:00,132.0900,132.0950,131.9600,131.9700,93925
2023-04-05 15:15:00,132.2500,132.2500,132.0600,132.0900,61465
2023-04-05 15:00:00,132.2000,132.3200,132.1400,132.2600,57637
2023-04-05 14:45:00,132.1500,132.2950,132.1400,132.2100,64213
2023-04-05 14:30:00,132.1500,132.2400,132.0900,132.1500,68637
2023-04-05 14:15:00,132.2100,132.3400,132.1400,132.1500,58739
2023-04-05 14:00:00,132.1200,132.2300,132.0100,132.2200,52141
2023-04-05 13:45:00,132.2150,132.2800,132.1000,132.1300,44863
2023-04-05 13:30:00,132.2400,132.2700,132.1450,132.2200,49902
2023-04-05 13:15:00,131.9900,132.3000,131.9700,132.2300,75203
2023-04-05 13:00:00,132.1000,132.1219,131.9200,131.9800,55818
2023-04-05 12:45:00,131.9950,132.2700,131.9950,132.1000,56716
2023-04-05 12:30:00,132.2800,132.3000,131.9700,131.9800,101901
2023-04-05 12:15:00,132.3900,132.4100,132.2000,132.2800,56699
2023-04-05 12:00:00,132.3500,132.4400,132.2200,132.3800,73187
2023-04-05 11:45:00,132.1500,132.5700,132.1300,132.3700,70821
2023-04-05 11:30:00,132.3700,132.4500,132.1000,132.1400,70099
2023-04-05 11:15:00,132.4400,132.5000,132.3300,132.4000,60661
2023-04-05 11:00:00,132.4300,132.6100,132.3300,132.4400,94904
2023-04-05 10:45:00,132.3800,132.6100,132.3600,132.4400,87716
2023-04-05 10:30:00,132.2000,132.5399,132.1800,132.3900,109128
2023-04-05 10:15:00,132.2800,132.3200,132.0600,132.1900,90133
2023-04-05 10:00:00,132.1300,132.3200,132.0400,132.2700,70122
2023-04-05 09:45:00,131.3700,132.2900,131.3700,132.1700,122034
2023-04-05 09:30:00,131.1700,131.1700,131.1700,131.1700,569
2023-04-05 09:15:00,131.4400,131.4400,131.4400,131.4400,152
2023-04-05 08:30:00,131.2500,131.5800,131.2500,131.5800,500
2023-04-05 08:15:00,131.0000,131.0000,131.0000,131.0000,100
2023-04-05 07:15:00,131.2900,131.2900,131.2900,131.2900,250
2023-04-05 06:30:00,131.2900,131.2900,131.2900,131.2900,100
2023-04-05 04:15:00,131.5000,131.5000,131.5000,131.5000,101
2023-04-04 20:00:00,131.3800,131.8000,131.3800,131.8000,619
2023-04-04 19:45:00,131.5000,131.5000,131.5000,131.5000,100
2023-04-04 16:45:00,131.6000,131.6000,131.6000,131.6000,230
2023-04-04 16:15:00,131.6000,131.6000,131.6000,131.6000,112844
2023-04-04 16:00:00,131.4100,131.6400,131.3800,131.6100,339709
2023-04-04 15:45:00,131.4500,131.5000,131.3100,131.4000,134290
2023-04-04 15:30:00,131.3200,131.5500,131.3000,131.4500,87198
2023-04-04 15:15:00,130.9700,131.3300,130.9700,131.3000,153127
2023-04-04 15:00:00,131.1300,131.1300,130.9150,130.9700,65365
2023-04-04 14:45:00,131.0800,131.1400,130.8900,131.1400,67651
2023-04-04 14:30:00,131.3000,131.3000,131.0726,131.0800,54123
2023-04-04 14:15:00,131.3800,131.3900,131.2500,131.3020,70713
2023-04-04 14:00:00,131.4300,131.4750,131.2900,131.3900,103269
2023-04-04 13:45:00,131.5500,131.6200,131.4200,131.4200,61558
2023-04-04 13:30:00,131.5400,131.6900,131.5300,131.5592,92638
2023-04-04 13:15:00,131.3900,131.5960,131.3400,131.5460,62643
2023-04-04 13:00:00,131.4300,131.5500,131.3000,131.3900,69001
2023-04-04 12:45:00,131.4100,131.4600,131.1900,131.4200,123072
2023-04-04 12:30:00,131.3000,131.4800,131.2400,131.4000,87497
2023-04-04 12:15:00,131.3900,131.5500,131.2700,131.3000,99307
2023-04-04 12:00:00,131.4300,131.5600,131.3500,131.4100,84258
2023-04-04 11:45:00,131.3300,131.4800,131.1600,131.4200,64803
2023-04-04 11:30:00,131.3200,131.3500,131.0400,131.3250,96441
2023-04-04 11:15:00,131.4200,131.4500,131.1400,131.3200,94009
2023-04-04 11:00:00,131.5500,131.7200,131.4300,131.4300,89613
2023-04-04 10:45:00,131.5700,131.8300,131.4650,131.5600,79336
2023-04-04 10:30:00,131.7100,131.9300,131.5500,131.5500,104691
2023-04-04 10:15:00,131.7300,132.0300,131.5700,131.7050,151717
2023-04-04 10:00:00,131.9200,132.0000,131.7000,131.7100,52867
2023-04-04 09:45:00,131.9900,132.1499,131.6700,131.9200,155404
2023-04-04 09:15:00,132.4000,132.4000,132.1000,132.1000,2145
2023-04-04 07:45:00,132.2100,132.2100,132.2100,132.2100,105
2023-04-03 18:30:00,132.0000,132.0000,132.0000,132.0000,193
2023-04-03 17:00:00,132.2500,132.2500,132.2500,132.2500,295
2023-04-03 16:45:00,132.0000,132.0000,132.0000,132.0000,1289
2023-04-03 16:30:00,132.2800,132.2800,132.2800,132.2800,345
2023-04-03 16:15:00,132.0600,132.0600,132.0600,132.0600,119525
2023-04-03 16:00:00,132.1400,132.1750,131.8800,132.0400,476507
2023-04-03 15:45:00,132.2400,132.2600,132.0800,132.1400,146294
2023-04-03 15:30:00,132.3500,132.3800,132.2300,132.2400,98891
2023-04-03 15:15:00,132.2400,132.3800,132.2000,132.3600,79760
2023-04-03 15:00:00,132.2950,132.2950,132.1900,132.2400,51355
2023-04-03 14:45:00,132.0800,132.3200,132.0800,132.2900,57723
2023-04-03 14:30:00,132.1300,132.2100,132.0800,132.1000,56621
2023-04-03 14:15:00,132.1400,132.2100,132.0800,132.1200,67011
2023-04-03 14:00:00,132.1554,132.1600,132.0200,132.1400,48134
2023-04-03 13:45:00,131.9600,132.1600,131.9400,132.1600,49089
2023-04-03 13:30:00,132.0700,132.1300,131.9792,131.9900,48993
2023-04-03 13:15:00,132.0000,132.0818,131.8900,132.0818,74309
2023-04-03 13:00:00,132.0400,132.1609,132.0200,132.0200,34606
2023-04-03 12:45:00,132.1100,132.1862,132.0200,132.0500,35985
2023-04-03 12:30:00,132.0800,132.1600,132.0050,132.1100,58644
2023-04-03 12:15:00,132.1600,132.2099,131.9800,132.0800,46741
2023-04-03 12:00:00,131.9800,132.1500,131.9400,132.1500,64895
2023-04-03 11:45:00,132.0000,132.1600,131.9206,131.9900,93265
2023-04-03 11:30:00,131.8800,132.0000,131.8200,131.9900,60934
2023-04-03 11:15:00,131.8600,131.9900,131.7100,131.8950,100668
2023-04-03 11:00:00,132.2900,132.3700,131.8500,131.8500,111230
2023-04-03 10:45:00,132.2900,132.4200,132.2301,132.2900,80166
2023-04-03 10:30:00,132.5400,132.6100,132.2500,132.2900,111406
2023-04-03 10:15:00,132.2900,132.6100,132.1600,132.5600,116003
2023-04-03 10:00:00,132.0900,132.4800,132.0700,132.2950,139560
2023-04-03 09:45:00,130.9700,132.2800,130.7700,132.1200,303584
2023-04-03 09:30:00,130.8800,130.8800,130.8800,130.8800,256
2023-04-03 09:15:00,131.1500,131.1500,131.1500,131.1500,1303
2023-04-03 09:00:00,131.2000,131.2000,131.2000,131.2000,682
2023-04-03 08:15:00,131.1500,131.1500,131.1500,131.1500,250
2023-04-03 08:00:00,131.1700,131.1700,131.1700,131.1700,200
2023-04-03 07:15:00,131.4500,131.4500,131.4000,131.4000,543
2023-04-03 05:30:00,131.2000,131.2000,131.2000,131.2000,214
2023-03-31 19:45:00,131.0000,131.0000,131.0000,131.0000,100
2023-03-31 19:15:00,131.0000,131.0000,131.0000,131.0000,137
2023-03-31 18:00:00,130.8800,130.8800,130.8800,130.8800,1237
2023-03-31 17:45:00,131.0500,131.0500,131.0500,131.0500,241
2023-03-31 17:30:00,131.1299,131.1299,131.1299,131.1299,150
2023-03-31 17:00:00,131.0000,131.1300,131.0000,131.0900,2644
2023-03-31 16:45:00,130.9000,130.9000,130.9000,130.9000,200
2023-03-31 16:30:00,131.0900,131.1999,131.0900,131.0927,83272
2023-03-31 16:15:00,131.0900,131.0900,131.0900,131.0900,213818
2023-03-31 16:00:00,130.8300,131.2300,130.6932,131.0700,906102
2023-03-31 15:45:00,131.0700,131.1000,130.7800,130.8300,192903
2023-03-31 15:30:00,130.7100,131.0900,130.7000,131.0500,172042
2023-03-31 15:15:00,130.4600,130.7400,130.4500,130.7100,139219
2023-03-31 15:00:00,130.4500,130.6100,130.4350,130.4500,89487
2023-03-31 14:45:00,130.4800,130.5050,130.4000,130.4700,74537
2023-03-31 14:30:00,130.4700,130.5350,130.4350,130.4800,65737
2023-03-31 14:15:00,130.2800,130.4600,130.2700,130.4600,78496
2023-03-31 14:00:00,130.1884,130.2900,130.1400,130.2706,58884
2023-03-31 13:45:00,130.2400,130.2450,130.1300,130.1800,70669
2023-03-31 13:30:00,130.3800,130.4000,130.2050,130.2200,81826
2023-03-31 13:15:00,130.3400,130.4400,130.3300,130.3700,65002
2023-03-31 13:00:00,130.4561,130.4800,130.3100,130.3372,69470
2023-03-31 12:45:00,130.3800,130.5350,130.3500,130.4600,105356
2023-03-31 12:30:00,130.3000,130.4700,130.2800,130.3800,79749
2023-03-31 12:15:00,130.0950,130.3300,130.0938,130.2919,62609
2023-03-31 12:00:00,130.0100,130.2492,130.0100,130.1000,69396
2023-03-31 11:45:00,130.1500,130.1800,129.9700,130.0200,86252
2023-03-31 11:30:00,129.9250,130.2400,129.8900,130.1500,62024
2023-03-31 11:15:00,129.9404,129.9800,129.8600,129.9250,65674
2023-03-31 11:00:00,129.9800,130.2150,129.9500,129.9500,102787
2023-03-31 10:45:00,129.7550,129.9500,129.7450,129.9500,83479
2023-03-31 10:30:00,129.9050,129.9114,129.6400,129.7641,79572
2023-03-31 10:15:00,129.7800,129.9300,129.7500,129.9200,51153
2023-03-31 10:00:00,129.7700,129.9541,129.7300,129.7900,78010
2023-03-31 09:45:00,129.4700,129.8000,129.4200,129.7800,127018
2023-03-31 09:30:00,129.5700,129.5700,129.5700,129.5700,102
2023-03-31 09:00:00,129.6000,129.6000,129.6000,129.6000,1106
2023-03-31 08:45:00,129.7000,129.7000,129.3500,129.3500,916
2023-03-31 08:30:00,129.1800,129.1800,129.1800,129.1800,100
2023-03-31 08:15:00,129.5600,129.5600,129.5600,129.5600,155
2023-03-31 07:15:00,129.4000,129.4000,129.4000,129.4000,260
2023-03-30 20:00:00,129.1900,129.1900,129.1900,129.1900,500
2023-03-30 18:15:00,129.1800,129.1800,129.1800,129.1800,100
2023-03-30 17:45:00,129.1804,129.1804,129.1804,129.1804,379
2023-03-30 17:00:00,129.2500,129.2500,129.2500,129.2500,308
2023-03-30 16:15:00,129.2200,129.2200,129.2200,129.2200,190061
2023-03-30 16:00:00,129.3450,129.3490,129.1650,129.2500,367116
2023-03-30 15:45:00,129.2200,129.3600,129.1800,129.3412,151306
2023-03-30 15:30:00,129.1600,129.2700,129.1000,129.2250,107332
2023-03-30 15:15:00,129.2350,129.3300,129.1200,129.1533,88761
2023-03-30 15:00:00,129.4200,129.4380,129.2200,129.2300,80577
2023-03-30 14:45:00,129.4000,129.5400,129.3750,129.4200,63394
2023-03-30 14:30:00,129.3600,129.4200,129.3100,129.3900,59720
2023-03-30 14:15:00,129.3000,129.4200,129.2900,129.3600,57139
2023-03-30 14:00:00,129.2300,129.3750,129.1300,129.3100,70557
2023-03-30 13:45:00,129.4100,129.4200,129.1900,129.2400,58144
2023-03-30 13:30:00,129.3863,129.4200,129.2301,129.4200,68392
2023-03-30 13:15:00,129.2100,129.4507,129.2000,129.3936,37421
2023-03-30 13:00:00,129.2400,129.4399,129.2000,129.2600,61142
2023-03-30 12:45:00,129.4900,129.4900,129.2100,129.2371,55945
2023-03-30 12:30:00,129.5100,129.5900,129.4456,129.4900,48360
2023-03-30 12:15:00,129.6900,129.7100,129.5000,129.5150,52914
2023-03-30 12:00:00,129.9000,129.9000,129.4900,129.6901,111593
2023-03-30 11:45:00,130.0200,130.0200,129.7800,129.9100,64171
2023-03-30 11:30:00,129.9150,130.0500,129.8900,130.0280,55542
2023-03-30 11:15:00,130.1650,130.2100,129.9000,129.9200,92182
2023-03-30 11:00:00,130.2650,130.3800,130.1100,130.1600,80418
2023-03-30 10:45:00,130.0950,130.3300,130.0450,130.2600,94400
2023-03-30 10:30:00,129.8300,130.2150,129.6139,130.0800,219170
2023-03-30 10:15:00,130.2900,130.4500,129.8300,129.8450,137553
2023-03-30 10:00:00,130.6800,130.7900,130.2000,130.3150,142885
2023-03-30 09:45:00,130.1600,131.4800,129.9000,130.6400,430483
2023-03-30 09:30:00,130.2500,130.3100,130.2500,130.3100,800
2023-03-30 09:00:00,130.3100,130.3100,130.3100,130.3100,510
2023-03-30 08:30:00,130.0400,130.3000,130.0400,130.3000,906
2023-03-30 07:15:00,130.0900,130.0900,130.0900,130.0900,281
2023-03-29 18:30:00,129.5800,129.5800,129.5800,129.5800,100
2023-03-29 18:15:00,129.7200,129.7200,129.5800,129.5800,200
2023-03-29 17:45:00,129.7200,129.7200,129.7200,129.7200,100
2023-03-29 17:30:00,129.6500,129.6500,129.6500,129.6500,200
2023-03-29 17:15:00,129.6000,129.6000,129.6000,129.6000,301
2023-03-29 17:00:00,129.8200,129.8200,129.8200,129.8200,200
2023-03-29 16:30:00,129.7100,129.7100,129.7100,129.7100,819
2023-03-29 16:15:00,129.7100,129.7100,129.7100,129.7100,148071
2023-03-29 16:00:00,129.8000,129.9800,129.6800,129.7000,528125
2023-03-29 15:45:00,129.9100,129.9100,129.6450,129.8100,104174
2023-03-29 15:30:00,129.8100,130.0100,129.8100,129.9250,128304
2023-03-29 15:15:00,129.7300,129.8250,129.6250,129.8100,94406
2023-03-29 15:00:00,129.5000,129.7400,129.4400,129.7400,68814
2023-03-29 14:45:00,129.4800,129.5400,129.4098,129.5000,74777
2023-03-29 14:30:00,129.4400,129.4800,129.3300,129.4800,43181
2023-03-29 14:15:00,129.3703,129.4700,129.2658,129.4500,39979
2023-03-29 14:00:00,129.5400,129.5400,129.3600,129.3600,45404
2023-03-29 13:45:00,129.7100,129.7200,129.5000,129.5900,54355
2023-03-29 13:30:00,129.6700,129.7000,129.5700,129.7000,46486
2023-03-29 13:15:00,129.5100,129.8116,129.4900,129.6800,112740
2023-03-29 13:00:00,129.3400,129.5200,129.3200,129.5200,57575
2023-03-29 12:45:00,129.2500,129.3400,129.2072,129.3400,50255
2023-03-29 12:30:00,129.4500,129.4700,129.1800,129.2500,78194
2023-03-29 12:15:00,129.6000,129.6300,129.4232,129.4600,66830
2023-03-29 12:00:00,129.4900,129.6300,129.4200,129.6000,79995
2023-03-29 11:45:00,129.4900,129.6100,129.4400,129.5000,67213
2023-03-29 11:30:00,129.6000,129.6900,129.3900,129.4700,71628
2023-03-29 11:15:00,129.5500,129.7100,129.4300,129.6050,67638
2023-03-29 11:00:00,129.4400,129.7100,129.3800,129.5600,107837
2023-03-29 10:45:00,129.6200,129.6700,129.4400,129.4500,73768
2023-03-29 10:30:00,129.6250,129.6800,129.4378,129.6000,103594
2023-03-29 10:15:00,129.8828,129.8900,129.5500,129.6200,126435
2023-03-29 10:00:00,129.8900,129.9300,129.6000,129.8800,113050
2023-03-29 09:45:00,130.1200,130.3500,129.7000,129.8729,204657
2023-03-29 09:00:00,130.0000,130.0000,129.9500,129.9500,943
2023-03-29 08:15:00,129.9501,129.9501,129.8400,129.8400,719
2023-03-29 07:00:00,130.0800,130.0800,130.0800,130.0800,262
2023-03-29 06:15:00,129.9300,129.9300,129.9300,129.9300,386
2023-03-29 06:00:00,129.9300,129.9300,129.9300,129.9300,136
2023-03-29 04:15:00,129.9300,129.9300,129.9300,129.9300,541
2023-03-28 20:00:00,129.2700,129.2700,129.2700,129.2700,100
2023-03-28 17:15:00,129.1200,129.1200,129.1100,129.1100,402
2023-03-28 17:00:00,129.1600,129.3000,129.1500,129.3000,7648
2023-03-28 16:30:00,129.5000,129.5000,129.3400,129.3400,347
2023-03-28 16:15:00,129.3400,129.3400,129.3400,129.3400,100981
2023-03-28 16:00:00,129.0800,129.3600,129.0100,129.3300,313799
2023-03-28 15:45:00,129.1200,129.2200,129.0600,129.0850,127271
2023-03-28 15:30:00,129.1900,129.2350,129.0900,129.1450,75913
2023-03-28 15:15:00,129.1200,129.2500,129.1200,129.1800,74526
2023-03-28 15:00:00,129.1300,129.2200,129.0397,129.1100,65979
2023-03-28 14:45:00,128.9550,129.1300,128.8400,129.1163,67587
2023-03-28 14:30:00,128.9600,129.0500,128.9200,128.9500,58015
2023-03-28 14:15:00,129.0000,129.0600,128.9001,128.9600,56339
2023-03-28 14:00:00,129.0700,129.1600,128.9700,129.0100,69034
2023-03-28 13:45:00,129.1900,129.1900,129.0200,129.0700,59124
2023-03-28 13:30:00,129.1900,129.2400,129.1100,129.1900,45353
2023-03-28 13:15:00,129.3100,129.3600,129.1600,129.1950,36850
2023-03-28 13:00:00,129.4714,129.5300,129.2800,129.3100,51080
2023-03-28 12:45:00,129.4550,129.4900,129.3800,129.4700,71693
2023-03-28 12:30:00,129.4150,129.4899,129.3500,129.4600,53911
2023-03-28 12:15:00,129.4900,129.5000,129.2400,129.4000,74629
2023-03-28 12:00:00,129.2400,129.4900,129.1350,129.4900,81461
2023-03-28 11:45:00,129.3900,129.4600,129.2200,129.2214,49853
2023-03-28 11:30:00,129.4200,129.4900,129.2600,129.4100,69475
2023-03-28 11:15:00,129.3200,129.4916,129.3200,129.3800,56499
2023-03-28 11:00:00,129.3400,129.5000,129.3000,129.3100,98324
2023-03-28 10:45:00,129.4950,129.5900,129.1400,129.3400,105488
2023-03-28 10:30:00,129.5600,129.6200,129.2500,129.4700,125335
2023-03-28 10:15:00,129.3500,129.6600,129.2100,129.5600,180451
2023-03-28 10:00:00,129.2800,129.4900,129.1400,129.3200,133763
2023-03-28 09:45:00,129.1800,129.3800,128.8000,129.2800,190636
2023-03-28 09:30:00,129.0300,129.0497,129.0300,129.0497,322
2023-03-28 09:15:00,129.1400,129.1400,129.0800,129.1300,1228
2023-03-28 08:45:00,129.3600,129.3600,129.3100,129.3100,289
2023-03-28 08:15:00,129.1000,129.2800,129.1000,129.2800,425
2023-03-27 19:45:00,129.5600,129.5600,129.5600,129.5600,100
2023-03-27 19:30:00,129.3300,129.3300,129.3100,129.3100,648
2023-03-27 19:15:00,129.7300,129.7300,129.6800,129.6800,480
2023-03-27 19:00:00,129.7200,129.7200,129.7200,129.7200,151
2023-03-27 18:45:00,129.7800,129.7900,129.7800,129.7900,501
2023-03-27 18:00:00,129.3500,129.3500,129.3500,129.3500,494
2023-03-27 17:00:00,129.9100,129.9100,129.3200,129.3200,992
2023-03-27 16:30:00,129.3108,129.3119,129.3100,129.3119,554
2023-03-27 16:15:00,129.3100,129.3200,129.3100,129.3100,208986
2023-03-27 16:00:00,129.9400,129.9500,129.2600,129.3500,952777
2023-03-27 15:45:00,129.9700,130.0100,129.7700,129.9450,276526
2023-03-27 15:30:00,129.6700,129.9800,129.6500,129.9700,142959
2023-03-27 15:15:00,129.9900,130.0900,129.6200,129.6850,145573
2023-03-27 15:00:00,129.9028,130.0100,129.8101,130.0000,144572
2023-03-27 14:45:00,130.0150,130.2550,129.9000,129.9100,262070
2023-03-27 14:30:00,129.7900,130.0400,129.7611,130.0200,183831
2023-03-27 14:15:00,129.7200,129.8000,129.5683,129.7900,133952
2023-03-27 14:00:00,129.6100,129.8200,129.5600,129.7200,147800
2023-03-27 13:45:00,129.4400,129.6500,129.3406,129.6100,138746
2023-03-27 13:30:00,129.2150,129.4250,129.1700,129.4250,96927
2023-03-27 13:15:00,129.3200,129.4350,129.1600,129.2400,103222
2023-03-27 13:00:00,129.2900,129.3250,129.1938,129.3100,85797
2023-03-27 12:45:00,129.2600,129.3100,129.1700,129.2500,79987
2023-03-27 12:30:00,129.0100,129.2800,128.9690,129.2500,123038
2023-03-27 12:15:00,128.9600,129.0900,128.9100,129.0141,117268
2023-03-27 12:00:00,128.8850,129.0500,128.7650,128.9800,128365
2023-03-27 11:45:00,128.8000,129.0200,128.7701,128.8850,152769
2023-03-27 11:30:00,128.4700,128.8400,128.3900,128.7900,146862
2023-03-27 11:15:00,128.2100,128.4999,128.1900,128.4900,129037
2023-03-27 11:00:00,128.6200,128.6800,128.2000,128.2300,174353
2023-03-27 10:45:00,128.5100,128.7900,128.2900,128.6600,296052
2023-03-27 10:30:00,128.2600,128.5500,128.2300,128.5000,164205
2023-03-27 10:15:00,128.2000,128.4200,128.1000,128.2892,214188
2023-03-27 10:00:00,127.7800,128.4155,127.7800,128.2050,321894
2023-03-27 09:45:00,126.4700,128.7500,126.4700,127.8000,646993
2023-03-27 09:30:00,126.2100,126.6600,126.2100,126.6400,2574
2023-03-27 08:45:00,125.6621,125.6621,125.6621,125.6621,110
2023-03-27 08:30:00,126.0000,126.0000,126.0000,126.0000,110
2023-03-27 08:15:00,125.9900,126.4800,125.9900,126.0000,3871
2023-03-27 07:45:00,126.0000,126.0000,126.0000,126.0000,1120
2023-03-27 07:15:00,125.6500,125.9000,125.6500,125.9000,715
2023-03-24 18:45:00,125.5500,125.5500,125.5500,125.5500,200
2023-03-24 17:30:00,125.2900,125.2924,125.2900,125.2924,200
2023-03-24 17:15:00,125.5400,125.5400,125.5400,125.5400,764
2023-03-24 16:45:00,125.5700,125.5700,125.5700,125.5700,354
2023-03-24 16:15:00,125.2900,125.7331,125.2900,125.2900,79536
2023-03-24 16:00:00,124.8450,125.4000,124.7300,125.3300,518548
2023-03-24 15:45:00,124.8700,124.9700,124.7600,124.8400,146196
2023-03-24 15:30:00,124.4600,124.9300,124.4400,124.8550,136451
2023-03-24 15:15:00,124.7000,124.7200,124.4200,124.4700,106469
2023-03-24 15:00:00,124.8450,124.9150,124.6800,124.6950,97065
2023-03-24 14:45:00,124.6150,124.9250,124.6150,124.8400,92711
2023-03-24 14:30:00,124.6800,124.7950,124.5600,124.6200,59518
2023-03-24 14:15:00,124.3900,124.6900,124.3900,124.6800,61067
2023-03-24 14:00:00,124.6100,124.6100,124.2410,124.3819,102030
2023-03-24 13:45:00,124.7500,124.8000,124.5700,124.6050,76485
2023-03-24 13:30:00,124.6200,124.8000,124.4900,124.7398,118247
2023-03-24 13:15:00,124.5900,124.7000,124.4300,124.6300,64077
2023-03-24 13:00:00,124.5200,124.6650,124.4500,124.5893,57655
2023-03-24 12:45:00,124.7500,124.7600,124.4100,124.4900,75754
2023-03-24 12:30:00,124.4300,124.7400,124.4300,124.7350,94147
2023-03-24 12:15:00,124.8200,124.9300,124.4400,124.4500,79637
2023-03-24 12:00:00,124.5350,124.9600,124.5350,124.8150,122783
2023-03-24 11:45:00,124.1500,124.6200,124.0300,124.5300,167120
2023-03-24 11:30:00,123.6700,124.2100,123.6500,124.1600,138699
2023-03-24 11:15:00,123.8700,124.0800,123.5900,123.6349,134019
2023-03-24 11:00:00,123.7200,123.9500,123.6700,123.8600,89487
2023-03-24 10:45:00,124.2550,124.4300,123.7100,123.7200,107415
2023-03-24 10:30:00,123.8300,124.2800,123.6500,124.2500,136498
2023-03-24 10:15:00,123.5400,124.0400,123.4850,123.8500,161906
2023-03-24 10:00:00,123.3300,123.6650,123.0700,123.5300,119798
2023-03-24 09:45:00,123.3600,123.5600,122.8800,123.3400,168402
2023-03-24 09:30:00,123.0500,123.0500,123.0500,123.0500,611
2023-03-24 08:15:00,123.2900,123.2900,123.2900,123.2900,131
2023-03-24 08:00:00,122.8500,122.8500,122.8000,122.8000,1031
2023-03-24 07:15:00,123.0000,123.0000,122.9500,122.9500,2970
2023-03-24 06:15:00,122.9600,122.9600,122.8100,122.8100,523
2023-03-24 06:00:00,123.1000,123.1000,123.0000,123.0000,432
2023-03-24 05:30:00,123.3400,123.3400,123.3400,123.3400,262
2023-03-23 19:30:00,123.4000,123.4000,123.4000,123.4000,120
2023-03-23 19:15:00,123.6900,123.6900,123.6900,123.6900,100
2023-03-23 18:00:00,123.7000,123.7000,123.7000,123.7000,100
2023-03-23 17:45:00,123.7000,123.7000,123.7000,123.7000,100
2023-03-23 17:30:00,123.3700,123.3700,123.3700,123.3700,4566
2023-03-23 16:45:00,123.7000,123.7000,123.7000,123.7000,700
2023-03-23 16:15:00,123.3700,123.3700,123.3700,123.3700,94522
2023-03-23 16:00:00,123.2300,123.6800,123.2300,123.3300,612417
2023-03-23 15:45:00,122.9600,123.3600,122.8600,123.2400,211006
2023-03-23 15:30:00,123.3000,123.3950,122.6000,123.0000,207056
2023-03-23 15:15:00,123.2200,123.8300,123.1700,123.3200,189722
2023-03-23 15:00:00,123.1900,123.3600,122.8400,123.2200,121855
2023-03-23 14:45:00,123.6200,123.7600,123.1670,123.1700,128010
2023-03-23 14:30:00,124.1500,124.1900,123.6100,123.6100,97114
2023-03-23 14:15:00,123.9850,124.1850,123.9700,124.1700,66543
2023-03-23 14:00:00,124.2000,124.2000,123.9000,123.9800,75707
2023-03-23 13:45:00,124.0000,124.2100,124.0000,124.1900,61833
2023-03-23 13:30:00,124.2500,124.3100,123.8700,124.0200,123243
2023-03-23 13:15:00,124.4000,124.5200,124.1200,124.2527,63628
2023-03-23 13:00:00,124.6499,124.6499,124.3200,124.3914,67345
2023-03-23 12:45:00,124.4500,124.7000,124.4300,124.6400,97297
2023-03-23 12:30:00,124.3200,124.5500,124.2800,124.4600,114854
2023-03-23 12:15:00,124.5700,124.5700,124.3200,124.3300,86213
2023-03-23 12:00:00,124.4600,124.6600,124.4200,124.5890,101383
2023-03-23 11:45:00,124.3900,124.7100,124.3900,124.4400,85101
2023-03-23 11:30:00,124.7800,124.8100,124.3601,124.3601,94641
2023-03-23 11:15:00,124.6150,124.9300,124.6150,124.8000,108847
2023-03-23 11:00:00,123.9700,124.6300,123.9200,124.6100,167019
2023-03-23 10:45:00,123.8000,123.9900,123.5950,123.9834,137491
2023-03-23 10:30:00,123.7700,123.9338,123.6400,123.8100,125890
2023-03-23 10:15:00,123.5650,123.7900,123.2600,123.7600,186787
2023-03-23 10:00:00,123.9700,124.0200,123.3884,123.5300,226752
2023-03-23 09:45:00,123.8100,124.1000,123.4000,123.9800,278556
2023-03-23 09:30:00,124.1999,124.3000,123.5000,123.5000,5316
2023-03-23 09:15:00,124.2000,124.2000,124.1500,124.1700,3199
2023-03-23 09:00:00,124.7200,124.7200,124.3000,124.3000,774
2023-03-23 08:45:00,124.3500,124.6840,124.3500,124.6840,717
2023-03-23 08:30:00,124.1800,124.6700,124.1800,124.6700,215
2023-03-23 08:15:00,124.1000,124.4499,124.1000,124.1800,883
2023-03-23 07:45:00,124.0200,124.0200,124.0200,124.0200,236
2023-03-23 07:15:00,124.4500,124.5000,124.4500,124.5000,789
2023-03-23 05:45:00,124.6000,124.6000,124.6000,124.6000,135
2023-03-22 18:30:00,124.1500,124.1500,124.0500,124.0600,334
2023-03-22 17:15:00,124.0700,124.0700,123.8000,123.8000,3067
2023-03-22 17:00:00,124.0500,124.0500,124.0500,124.0500,202
2023-03-22 16:45:00,124.2500,124.2500,124.0500,124.0500,1764
2023-03-22 16:30:00,124.5000,124.5000,124.5000,124.5000,202
2023-03-22 16:15:00,124.0500,124.6100,124.0500,124.0500,135960
2023-03-22 16:00:00,125.2400,125.2700,124.0100,124.0200,507187
2023-03-22 15:45:00,125.8350,125.9102,125.2200,125.2600,161099
2023-03-22 15:30:00,125.5300,126.0800,125.5200,125.8300,169043
2023-03-22 15:15:00,125.7850,125.9100,125.2000,125.4900,212081
2023-03-22 15:00:00,126.3900,126.8900,125.7900,125.8400,146009
2023-03-22 14:45:00,126.1800,126.6500,125.6700,126.4300,171702
2023-03-22 14:30:00,126.1500,126.3450,126.0266,126.1800,80732
2023-03-22 14:15:00,125.9500,126.7500,125.9100,126.2000,128324
2023-03-22 14:00:00,126.1485,126.1800,125.9000,125.9200,56090
2023-03-22 13:45:00,126.1380,126.1900,126.0500,126.1500,58076
2023-03-22 13:30:00,126.0000,126.1500,126.0000,126.1343,44200
2023-03-22 13:15:00,126.0400,126.0400,125.8400,126.0200,66937
2023-03-22 13:00:00,126.1400,126.1700,126.0040,126.0427,48924
2023-03-22 12:45:00,126.3900,126.4000,126.1100,126.1400,54273
2023-03-22 12:30:00,126.4550,126.5800,126.3900,126.4000,84922
2023-03-22 12:15:00,126.5500,126.5850,126.4400,126.4700,52076
2023-03-22 12:00:00,126.4800,126.6600,126.4800,126.5500,48710
2023-03-22 11:45:00,126.6400,126.6750,126.4100,126.4940,68224
2023-03-22 11:30:00,126.5100,126.6600,126.4300,126.6300,49380
2023-03-22 11:15:00,126.7550,126.8300,126.4200,126.5100,54443
2023-03-22 11:00:00,127.0500,127.1100,126.7500,126.7600,82354
2023-03-22 10:45:00,127.2000,127.2150,127.0200,127.0580,72255
2023-03-22 10:30:00,127.0600,127.2100,127.0400,127.1970,64138
2023-03-22 10:15:00,126.9900,127.0600,126.9400,127.0430,70560
2023-03-22 10:00:00,126.9900,127.1000,126.8550,127.0000,79526
2023-03-22 09:45:00,127.0000,127.2100,126.7400,126.9600,190915
2023-03-22 09:30:00,127.0200,127.2000,127.0000,127.2000,1258
2023-03-22 09:15:00,126.5000,126.5500,126.5000,126.5500,741
2023-03-22 08:15:00,126.5000,126.5000,126.5000,126.5000,649
2023-03-22 07:30:00,126.5000,126.5000,126.5000,126.5000,322
2023-03-21 18:30:00,126.7800,126.7900,126.7600,126.7600,798
2023-03-21 17:45:00,126.7800,126.7800,126.7800,126.7800,100
2023-03-21 17:00:00,126.8200,126.8200,126.8200,126.8200,912
2023-03-21 16:45:00,126.3500,126.3500,126.3500,126.3500,660
2023-03-21 16:30:00,126.5700,126.9330,126.5700,126.9330,1803
2023-03-21 16:15:00,126.5700,126.5700,126.2310,126.2310,216252
2023-03-21 16:00:00,126.6702,126.7100,126.5200,126.6100,486232
2023-03-21 15:45:00,126.3500,126.7000,126.2800,126.6900,137941
2023-03-21 15:30:00,126.2200,126.3700,126.1900,126.3550,116979
2023-03-21 15:15:00,126.0100,126.2540,126.0100,126.2200,102105
2023-03-21 15:00:00,125.9400,126.1200,125.9400,126.0300,92675
2023-03-21 14:45:00,125.9250,125.9900,125.8100,125.9400,82455
2023-03-21 14:30:00,125.8200,125.9885,125.7600,125.9200,65285
2023-03-21 14:15:00,125.7400,125.8200,125.7253,125.8050,69634
2023-03-21 14:00:00,125.9700,125.9800,125.7250,125.7400,65977
2023-03-21 13:45:00,125.9600,126.0650,125.9400,125.9800,51968
2023-03-21 13:30:00,125.8500,125.9600,125.7600,125.9600,46764
2023-03-21 13:15:00,125.8400,125.9300,125.7700,125.8400,79511
2023-03-21 13:00:00,125.7700,125.9600,125.7200,125.8200,74191
2023-03-21 12:45:00,125.8859,125.9800,125.6600,125.8000,73678
2023-03-21 12:30:00,125.9200,125.9700,125.7200,125.9000,59763
2023-03-21 12:15:00,125.8300,125.9400,125.6700,125.9150,83837
2023-03-21 12:00:00,125.9500,126.0300,125.7900,125.8300,81328
2023-03-21 11:45:00,126.4100,126.4700,125.9400,125.9750,90825
2023-03-21 11:30:00,126.4800,126.5400,126.3200,126.4000,54166
2023-03-21 11:15:00,126.3600,126.4800,126.2200,126.4799,58576
2023-03-21 11:00:00,126.3300,126.5400,126.1600,126.3500,131422
2023-03-21 10:45:00,126.1600,126.3900,126.1200,126.3150,86200
2023-03-21 10:30:00,126.1100,126.2200,125.9600,126.1900,124686
2023-03-21 10:15:00,126.0000,126.1700,125.9300,126.1100,154581
2023-03-21 10:00:00,126.2400,126.4300,125.9800,125.9900,105469
2023-03-21 09:45:00,126.9000,127.1500,126.2213,126.2800,201331
2023-03-21 09:30:00,126.9000,127.0900,126.9000,127.0800,1505
2023-03-21 09:15:00,126.3300,126.3300,126.3300,126.3300,234
2023-03-21 09:00:00,126.6500,126.6500,126.6500,126.6500,510
2023-03-21 08:30:00,126.9800,126.9800,126.9800,126.9800,200
2023-03-21 08:15:00,126.5000,126.5000,126.5000,126.5000,170
2023-03-21 05:30:00,126.5000,126.5000,126.5000,126.5000,204
2023-03-20 17:30:00,125.7847,125.7847,125.7847,125.7847,140
2023-03-20 17:00:00,126.0600,126.0800,126.0600,126.0800,840
2023-03-20 16:45:00,125.8700,125.8700,125.8700,125.8700,201
2023-03-20 16:15:00,125.9400,126.2200,125.9400,125.9400,237906
2023-03-20 16:00:00,125.5200,126.1600,125.4800,125.9500,815750
2023-03-20 15:45:00,125.5100,125.6900,125.4500,125.5400,185248
2023-03-20 15:30:00,125.2700,125.5400,125.2000,125.5300,122062
2023-03-20 15:15:00,125.2400,125.3200,125.1700,125.2500,81209
2023-03-20 15:00:00,125.1400,125.4200,125.1400,125.2500,93280
2023-03-20 14:45:00,125.0934,125.1700,124.9500,125.1400,98426
2023-03-20 14:30:00,125.1200,125.2200,125.0400,125.0950,71087
2023-03-20 14:15:00,125.3200,125.3349,124.9650,125.1300,73466
2023-03-20 14:00:00,125.6500,125.6500,125.2200,125.3200,78768
2023-03-20 13:45:00,125.7500,125.8800,125.6100,125.6600,101505
2023-03-20 13:30:00,125.8400,125.8500,125.7200,125.7600,116345
2023-03-20 13:15:00,125.5800,125.9115,125.5800,125.8300,160277
2023-03-20 13:00:00,125.0800,125.5800,125.0800,125.5500,100697
2023-03-20 12:45:00,124.8500,125.1900,124.8200,125.1100,108591
2023-03-20 12:30:00,124.7400,124.9300,124.6300,124.8400,96673
2023-03-20 12:15:00,125.2300,125.2400,124.6200,124.7317,109126
2023-03-20 12:00:00,125.1300,125.3500,125.0500,125.2300,96028
2023-03-20 11:45:00,125.3000,125.3650,125.1182,125.1300,97616
2023-03-20 11:30:00,125.1200,125.3700,125.0300,125.3000,101840
2023-03-20 11:15:00,125.1700,125.3400,125.0850,125.1700,102702
2023-03-20 11:00:00,125.1200,125.3100,125.0800,125.1600,95149
2023-03-20 10:45:00,125.3000,125.4000,125.0400,125.1300,97610
2023-03-20 10:30:00,125.3000,125.3500,125.0300,125.3000,71799
2023-03-20 10:15:00,125.3100,125.6000,125.1400,125.3100,130702
2023-03-20 10:00:00,124.6200,125.4400,124.5800,125.3134,171677
2023-03-20 09:45:00,124.3100,125.3000,124.1900,124.6200,246826
2023-03-20 09:30:00,124.4700,124.5100,124.4700,124.5000,875
2023-03-20 09:00:00,123.2800,124.7000,123.2800,124.6500,331
2023-03-20 08:30:00,123.4000,123.5000,123.4000,123.5000,613
2023-03-20 08:15:00,123.3020,123.3020,123.3020,123.3020,129
2023-03-20 07:30:00,123.1500,123.1500,123.1500,123.1500,763
2023-03-20 07:15:00,123.3600,123.3600,123.3600,123.3600,4251
2023-03-20 06:00:00,123.5700,123.5700,123.5700,123.5700,150
2023-03-20 05:30:00,123.3900,123.3900,123.3900,123.3900,242
2023-03-20 04:45:00,123.0500,123.0500,123.0500,123.0500,162
2023-03-20 04:15:00,123.5100,123.5100,123.5000,123.5000,818
2023-03-17 20:00:00,123.8000,123.8000,123.8000,123.8000,100
2023-03-17 18:00:00,123.5400,123.5400,123.5400,123.5400,205
2023-03-17 17:45:00,123.6900,123.6900,123.6900,123.6900,183
2023-03-17 17:15:00,123.6000,123.6900,123.6000,123.6400,14526
2023-03-17 17:00:00,123.6200,123.6200,123.6000,123.6000,12845
2023-03-17 16:30:00,123.6900,123.6900,123.5100,123.5100,3703
2023-03-17 16:15:00,123.7400,123.7400,123.2500,123.5100,14041165
2023-03-17 16:00:00,123.7600,124.5200,123.2900,123.7400,2618244
2023-03-17 15:45:00,123.8400,123.9600,123.6100,123.7400,510308
2023-03-17 15:30:00,123.3400,123.8800,123.2600,123.8200,321804
2023-03-17 15:15:00,123.2200,123.3700,123.1500,123.3500,206697
2023-03-17 15:00:00,123.1000,123.4000,123.0000,123.2300,180755
2023-03-17 14:45:00,123.0100,123.2300,122.9900,123.1300,202931
2023-03-17 14:30:00,123.3600,123.3900,122.9800,123.0100,163593
2023-03-17 14:15:00,123.6300,123.8200,123.2900,123.3600,186221
2023-03-17 14:00:00,123.6600,123.7300,123.5000,123.6300,170441
2023-03-17 13:45:00,123.7900,123.9600,123.5250,123.6550,176558
2023-03-17 13:30:00,123.9700,124.1000,123.7001,123.7900,139064
2023-03-17 13:15:00,123.6600,123.9900,123.6100,123.9800,128485
2023-03-17 13:00:00,123.6200,123.7750,123.5600,123.6600,718624
2023-03-17 12:45:00,123.5400,123.8300,123.4550,123.6300,140334
2023-03-17 12:30:00,123.4500,123.5700,123.2845,123.5350,143468
2023-03-17 12:15:00,123.3900,123.6800,123.3500,123.4700,144590
2023-03-17 12:00:00,123.4150,123.5500,123.2000,123.3800,186095
2023-03-17 11:45:00,123.4000,123.7500,123.3150,123.4200,158332
2023-03-17 11:30:00,123.6600,123.8500,123.2200,123.4050,171203
2023-03-17 11:15:00,123.4700,123.6800,123.3100,123.6600,136260
2023-03-17 11:00:00,123.5950,123.9100,123.2900,123.4950,232593
2023-03-17 10:45:00,123.2300,123.7069,122.9300,123.6000,277036
2023-03-17 10:30:00,123.4100,123.5600,123.0400,123.2400,213887
2023-03-17 10:15:00,123.5700,123.8700,123.2900,123.3900,156491
2023-03-17 10:00:00,123.9700,124.0100,123.4200,123.5000,175879
2023-03-17 09:45:00,124.0800,124.2000,123.3900,123.9900,1601974
2023-03-17 09:30:00,124.4900,124.5000,124.0800,124.0800,2994
2023-03-17 09:15:00,124.2900,124.4900,124.2900,124.4900,752
2023-03-17 08:30:00,124.2300,124.2300,124.2100,124.2100,695
2023-03-17 07:45:00,124.5000,124.5000,124.5000,124.5000,166
2023-03-17 07:30:00,124.7100,124.7100,124.7000,124.7000,563
2023-03-17 07:15:00,124.8000,124.8000,124.8000,124.8000,187
2023-03-17 06:15:00,124.9800,124.9800,124.9800,124.9800,196
2023-03-17 04:45:00,125.1500,125.1500,125.1000,125.1000,372
2023-03-17 04:30:00,125.0000,125.0000,125.0000,125.0000,259
2023-03-16 20:00:00,124.8700,124.8700,124.8700,124.8700,207
2023-03-16 19:15:00,124.7900,124.8000,124.7900,124.8000,1000
2023-03-16 17:00:00,124.7000,124.8000,124.7000,124.8000,583
2023-03-16 16:45:00,124.7900,124.7900,124.7900,124.7900,195
2023-03-16 16:30:00,124.7000,124.7000,124.7000,124.7000,2418
2023-03-16 16:15:00,124.7000,124.7000,124.7000,124.7000,257651
2023-03-16 16:00:00,124.7900,124.8000,124.3800,124.7000,769765
2023-03-16 15:45:00,124.6400,124.8100,124.4600,124.8000,301238
2023-03-16 15:30:00,124.5200,124.7000,124.4000,124.6500,221746
2023-03-16 15:15:00,124.5300,124.6700,124.4700,124.5300,197991
2023-03-16 15:00:00,124.3900,124.5300,124.1400,124.5300,148979
2023-03-16 14:45:00,124.3500,124.4300,124.0400,124.4000,145818
2023-03-16 14:30:00,123.9800,124.3600,123.9700,124.3350,147196
2023-03-16 14:15:00,124.2100,124.2700,123.9700,123.9907,183354
2023-03-16 14:00:00,124.3750,124.3900,124.1200,124.2150,163523
2023-03-16 13:45:00,124.4100,124.5300,124.3100,124.3800,152891
2023-03-16 13:30:00,124.6800,124.6900,124.3700,124.4200,145490
2023-03-16 13:15:00,124.7100,124.8200,124.5900,124.6700,129767
2023-03-16 13:00:00,124.2900,124.7250,124.1600,124.7100,209455
2023-03-16 12:45:00,124.4000,124.4500,124.0800,124.2809,149535
2023-03-16 12:30:00,124.0468,124.4500,124.0468,124.3862,230383
2023-03-16 12:15:00,123.9400,124.1800,123.8576,124.0700,214106
2023-03-16 12:00:00,123.9000,124.1400,123.7500,123.9600,168088
2023-03-16 11:45:00,123.7100,124.0200,123.6100,123.9100,155296
2023-03-16 11:30:00,123.4144,123.8300,123.3100,123.6850,181901
2023-03-16 11:15:00,123.6200,123.6700,123.2100,123.4200,146446
2023-03-16 11:00:00,122.9100,123.7500,122.9000,123.6050,215904
2023-03-16 10:45:00,122.6100,122.9900,122.6100,122.9000,164643
2023-03-16 10:30:00,122.3500,122.7600,122.2800,122.6250,229357
2023-03-16 10:15:00,122.4250,122.5700,122.0500,122.3550,221046
2023-03-16 10:00:00,122.4200,122.5000,121.9200,122.4400,245221
2023-03-16 09:45:00,122.9600,123.1900,122.1250,122.4400,320592
2023-03-16 09:30:00,123.0100,123.0100,122.5500,122.5500,3598
2023-03-16 08:15:00,123.1000,123.1000,123.1000,123.1000,591
2023-03-16 08:00:00,123.3400,123.3400,123.3400,123.3400,214
2023-03-16 07:15:00,123.4400,123.4400,123.0600,123.0600,881
2023-03-16 06:00:00,123.3000,123.3000,123.3000,123.3000,685
2023-03-16 05:45:00,123.3000,123.3000,123.3000,123.3000,563
2023-03-16 05:30:00,123.3000,123.3000,123.3000,123.3000,206
2023-03-15 20:00:00,123.3000,123.3000,123.3000,123.3000,448
2023-03-15 19:45:00,123.4800,123.4800,123.4800,123.4800,100
2023-03-15 19:30:00,123.4700,123.4800,123.4700,123.4800,969
2023-03-15 18:45:00,123.2500,123.2500,123.2500,123.2500,101
2023-03-15 18:15:00,123.3500,123.4500,123.3500,123.4500,700
2023-03-15 17:30:00,123.3000,123.3000,123.3000,123.3000,375
2023-03-15 17:15:00,123.3000,123.3000,123.3000,123.3000,100
2023-03-15 17:00:00,123.3000,123.3000,123.3000,123.3000,125
2023-03-15 16:30:00,123.2800,123.2800,123.0000,123.0000,16929
2023-03-15 16:15:00,123.2800,123.2800,123.2800,123.2800,375658
2023-03-15 16:00:00,122.7200,123.3500,122.6350,123.3500,623665
2023-03-15 15:45:00,123.0300,123.1550,122.5600,122.7300,210616
2023-03-15 15:30:00,122.8700,123.1400,122.8100,123.0400,178983
2023-03-15 15:15:00,122.8500,123.1700,122.7000,122.8700,132906
2023-03-15 15:00:00,122.7800,122.8990,122.5000,122.8414,165535
2023-03-15 14:45:00,122.6900,122.8900,122.5650,122.7900,141754
2023-03-15 14:30:00,122.1175,123.0000,121.9800,122.6750,186951
2023-03-15 14:15:00,122.2750,122.3800,122.1100,122.1400,94419
2023-03-15 14:00:00,121.9650,122.3700,121.9300,122.2450,111028
2023-03-15 13:45:00,122.2100,122.3087,121.9400,121.9600,108470
2023-03-15 13:30:00,122.1900,122.3508,122.1375,122.2400,113069
2023-03-15 13:15:00,121.8000,122.2000,121.7500,122.1605,144982
2023-03-15 13:00:00,121.9400,122.1250,121.7100,121.8100,143850
2023-03-15 12:45:00,121.9900,122.3300,121.8600,121.9650,135896
2023-03-15 12:30:00,122.0250,122.1400,121.8000,122.0000,148140
2023-03-15 12:15:00,122.1200,122.2900,121.9200,122.0150,140404
2023-03-15 12:00:00,122.4600,122.7000,122.0700,122.0850,153218
2023-03-15 11:45:00,122.5800,122.8000,122.3500,122.4400,124259
2023-03-15 11:30:00,122.9250,123.1050,122.5300,122.5914,162994
2023-03-15 11:15:00,122.2600,122.9700,122.2375,122.9250,174336
2023-03-15 11:00:00,121.9000,122.3100,121.7700,122.2722,182807
2023-03-15 10:45:00,122.1900,122.3000,121.7300,121.8900,189422
2023-03-15 10:30:00,122.2200,122.4450,121.9675,122.1319,262813
2023-03-15 10:15:00,122.2000,122.7000,122.0000,122.2201,199883
2023-03-15 10:00:00,122.9400,122.9500,121.9500,122.2000,264108
2023-03-15 09:45:00,122.9900,123.2775,122.4900,122.9500,307268
2023-03-15 09:15:00,123.1000,123.4500,123.1000,123.2200,2615
2023-03-15 08:45:00,123.4900,123.4900,123.1000,123.1039,1856
2023-03-15 08:30:00,123.5100,123.5100,123.5100,123.5100,100
2023-03-15 08:15:00,124.0000,124.0000,122.9000,122.9000,2364
2023-03-15 07:30:00,123.5000,123.5000,123.5000,123.5000,760
2023-03-15 07:15:00,123.7800,124.0000,123.7800,124.0000,855
2023-03-14 19:00:00,124.5100,124.5100,124.5000,124.5000,460
2023-03-14 17:45:00,124.5800,124.6500,124.5800,124.6500,335
2023-03-14 17:00:00,124.6500,124.8400,124.6500,124.8200,2418
2023-03-14 16:30:00,124.6500,124.6500,124.4800,124.4800,4447
2023-03-14 16:15:00,124.6500,124.6500,124.6500,124.6500,357655
2023-03-14 16:00:00,124.1000,124.7500,123.9800,124.6100,778979
2023-03-14 15:45:00,123.6500,124.1200,123.5100,124.1000,292645
2023-03-14 15:30:00,123.3200,123.6300,123.2000,123.6300,220605
2023-03-14 15:15:00,123.6000,123.9500,123.3300,123.3498,284617
2023-03-14 15:00:00,123.4400,123.9100,123.4400,123.6000,167439
2023-03-14 14:45:00,123.7000,123.7900,123.4500,123.4600,140477
2023-03-14 14:30:00,123.5586,123.7500,123.3100,123.7100,161038
2023-03-14 14:15:00,123.8300,124.0100,123.3950,123.5500,273669
2023-03-14 14:00:00,123.7600,123.9900,123.6000,123.8200,257718
2023-03-14 13:45:00,123.9400,124.2800,123.7312,123.7500,240626
2023-03-14 13:30:00,124.4100,124.4300,123.8700,123.9850,314619
2023-03-14 13:15:00,124.7600,124.9100,124.4100,124.4200,138386
2023-03-14 13:00:00,125.0300,125.1200,124.7100,124.7700,140864
2023-03-14 12:45:00,125.1500,125.2200,124.9800,125.0200,162927
2023-03-14 12:30:00,125.4600,125.5400,125.0627,125.1500,149435
2023-03-14 12:15:00,125.2600,125.6100,125.1900,125.4700,175327
2023-03-14 12:00:00,125.6100,125.6100,125.1900,125.2500,197401
2023-03-14 11:45:00,125.5800,125.7600,125.5100,125.6100,174575
2023-03-14 11:30:00,126.1611,126.1700,125.5700,125.5900,198522
2023-03-14 11:15:00,125.9100,126.4200,125.8800,126.1600,132583
2023-03-14 11:00:00,125.6160,126.2000,125.5700,125.9000,305591
2023-03-14 10:45:00,125.6700,125.9200,125.5000,125.6100,630427
2023-03-14 10:30:00,125.6700,125.9600,125.5800,125.6800,204503
2023-03-14 10:15:00,125.8200,125.9700,125.4900,125.6700,246363
2023-03-14 10:00:00,125.6500,126.0100,125.5000,125.8000,295178
2023-03-14 09:45:00,126.4900,126.6400,125.4900,125.6500,490515
2023-03-14 09:30:00,126.9500,126.9500,126.4900,126.4900,495
2023-03-14 09:15:00,126.5000,126.9500,125.8200,125.8500,1071
2023-03-14 09:00:00,126.3800,126.5400,126.3800,126.5000,2265
2023-03-14 08:45:00,125.8200,125.8200,125.8200,125.8200,718
2023-03-14 08:30:00,126.2600,126.2600,126.2600,126.2600,169
2023-03-14 07:30:00,126.2000,126.2000,126.2000,126.2000,2021
2023-03-13 20:00:00,125.7101,125.7101,125.7101,125.7101,385
2023-03-13 19:30:00,125.7100,125.7100,125.7100,125.7100,100
2023-03-13 19:00:00,125.6200,125.6800,125.6200,125.6800,453
2023-03-13 18:15:00,125.5800,125.5800,125.5800,125.5800,1444
2023-03-13 17:30:00,126.1694,126.1694,126.1694,126.1694,365
2023-03-13 17:00:00,125.6100,125.6100,125.6100,125.6100,496
2023-03-13 16:30:00,125.5800,125.5800,125.5800,125.5800,2653
2023-03-13 16:15:00,125.5800,125.5800,125.2300,125.2300,111411
2023-03-13 16:00:00,125.8100,125.8500,125.4400,125.5800,809208
2023-03-13 15:45:00,125.1900,125.9700,125.1900,125.8100,308736
2023-03-13 15:30:00,125.9000,126.0000,125.1100,125.1900,233596
2023-03-13 15:15:00,126.1800,126.3300,125.8300,125.8900,190557
2023-03-13 15:00:00,126.2600,126.4400,126.1350,126.1900,181759
2023-03-13 14:45:00,126.1500,126.4350,126.0800,126.2800,205675
2023-03-13 14:30:00,126.0200,126.3500,125.9200,126.1500,217048
2023-03-13 14:15:00,125.6050,126.1115,125.5800,126.0062,188652
2023-03-13 14:00:00,125.6800,125.7500,125.4900,125.6200,123564
2023-03-13 13:45:00,125.3600,125.7000,125.1301,125.6700,172608
2023-03-13 13:30:00,125.4300,125.5100,125.1500,125.3400,146646
2023-03-13 13:15:00,125.4200,125.5500,125.0550,125.4400,153805
2023-03-13 13:00:00,125.8650,125.9300,125.3300,125.4100,269410
2023-03-13 12:45:00,125.8500,126.0060,125.6500,125.8700,242633
2023-03-13 12:30:00,126.3600,126.5100,125.6400,125.8450,206249
2023-03-13 12:15:00,126.8100,127.2000,126.0650,126.4179,217446
2023-03-13 12:00:00,126.7800,126.9400,126.3400,126.7700,246907
2023-03-13 11:45:00,127.9400,127.9500,126.7400,126.7600,192236
2023-03-13 11:30:00,127.7000,127.9400,127.4200,127.9400,247814
2023-03-13 11:15:00,127.9300,128.1900,127.3800,127.7200,263413
2023-03-13 11:00:00,127.4000,127.9800,126.7500,127.9200,356286
2023-03-13 10:45:00,126.6200,127.4700,126.6200,127.3700,303451
2023-03-13 10:30:00,127.1600,127.1600,126.4800,126.5900,262927
2023-03-13 10:15:00,127.5600,127.6700,127.0300,127.2100,357740
2023-03-13 10:00:00,126.4900,128.0900,126.3000,127.5800,772159
2023-03-13 09:45:00,125.1500,126.4800,124.8500,126.4800,560772
2023-03-13 09:30:00,125.0900,125.4000,125.0801,125.4000,3762
2023-03-13 09:15:00,125.1000,125.1000,125.0000,125.0000,361
2023-03-13 09:00:00,125.0000,125.2000,124.7971,125.2000,1913
2023-03-13 08:30:00,125.0000,125.0000,125.0000,125.0000,501
2023-03-13 08:15:00,125.7100,125.7100,125.0000,125.0000,2351
2023-03-13 07:15:00,125.7100,125.7100,125.7100,125.7100,335
2023-03-13 07:00:00,125.4500,125.4500,125.4500,125.4500,255
2023-03-13 04:30:00,126.6400,126.6400,126.6400,126.6400,355
2023-03-10 20:00:00,126.0000,126.0000,126.0000,126.0000,171
2023-03-10 19:45:00,125.8500,125.8500,125.8500,125.8500,140
2023-03-10 17:15:00,125.4500,125.4500,125.4500,125.4500,1877
2023-03-10 16:45:00,125.4000,125.4100,125.2000,125.2000,1187
2023-03-10 16:30:00,125.4500,125.5000,125.4500,125.5000,9047
2023-03-10 16:15:00,125.4500,125.5000,125.4500,125.5000,108133
2023-03-10 16:00:00,125.4600,125.5400,125.2700,125.4600,876226
2023-03-10 15:45:00,125.9500,126.0100,125.4300,125.4600,304632
2023-03-10 15:30:00,126.0600,126.1400,125.7800,125.9600,242223
2023-03-10 15:15:00,126.2800,126.3200,125.9300,126.0700,218717
2023-03-10 15:00:00,126.0300,126.4900,126.0200,126.3100,150710
2023-03-10 14:45:00,125.6600,126.2900,125.6500,126.0100,120238
2023-03-10 14:30:00,125.8800,125.9850,125.6500,125.6500,162234
2023-03-10 14:15:00,125.4000,126.1401,125.4000,125.8800,127261
2023-03-10 14:00:00,125.2800,125.4100,125.1300,125.4000,138068
2023-03-10 13:45:00,125.4300,125.4800,125.2200,125.2900,129106
2023-03-10 13:30:00,126.0400,126.0400,125.2700,125.4400,170116
2023-03-10 13:15:00,126.0900,126.2000,126.0100,126.0400,101917
2023-03-10 13:00:00,126.7100,126.7500,126.0800,126.1099,83206
2023-03-10 12:45:00,126.4100,126.8200,126.3900,126.7300,95278
2023-03-10 12:30:00,126.3700,126.4900,126.1803,126.4000,135626
2023-03-10 12:15:00,126.4600,126.5800,126.2600,126.3800,100253
2023-03-10 12:00:00,126.8700,126.8900,126.4300,126.4600,103356
2023-03-10 11:45:00,126.6000,127.0000,126.6000,126.8650,110613
2023-03-10 11:30:00,126.4200,126.6600,126.2800,126.5900,111695
2023-03-10 11:15:00,127.2400,127.2400,126.4300,126.4300,92068
2023-03-10 11:00:00,126.7100,127.2900,126.6600,127.2500,141029
2023-03-10 10:45:00,126.4400,127.0200,126.4400,126.7250,126138
2023-03-10 10:30:00,126.9700,126.9800,126.4300,126.4350,199881
2023-03-10 10:15:00,126.6000,127.1300,126.5900,126.9800,295380
2023-03-10 10:00:00,126.3600,126.7650,126.2100,126.6300,172504
2023-03-10 09:45:00,126.1200,126.6500,125.8000,126.4000,554352
2023-03-10 09:30:00,126.7000,127.4900,126.3000,127.4900,4421
2023-03-10 09:15:00,126.4800,126.4800,126.4800,126.4800,141
2023-03-10 09:00:00,126.5000,126.5000,126.5000,126.5000,429
2023-03-10 08:45:00,126.1000,126.4500,125.6300,126.4500,1794
2023-03-10 08:30:00,126.1500,126.1500,126.1500,126.1500,200
2023-03-10 08:15:00,126.3900,126.5000,126.3900,126.5000,252
2023-03-10 07:30:00,126.3900,126.3900,126.3900,126.3900,419
2023-03-10 06:00:00,126.0000,126.0000,126.0000,126.0000,253
2023-03-10 05:00:00,126.1700,126.1700,126.1700,126.1700,218
2023-03-09 18:15:00,125.9600,125.9600,125.9600,125.9600,145
2023-03-09 18:00:00,126.0000,126.0000,126.0000,126.0000,100
2023-03-09 17:45:00,126.0000,126.0000,126.0000,126.0000,690
2023-03-09 17:30:00,126.1600,126.1600,126.0100,126.0100,3243
2023-03-09 17:00:00,126.0000,126.1200,125.9800,126.1200,744
2023-03-09 16:45:00,126.2000,126.2000,126.0100,126.0100,974
2023-03-09 16:30:00,126.0594,126.0594,126.0594,126.0594,103
2023-03-09 16:15:00,126.1600,126.2000,126.1600,126.2000,2123229
2023-03-09 16:00:00,126.3800,126.6250,126.1000,126.1700,389731
2023-03-09 15:45:00,126.2700,126.5800,126.2100,126.3800,145557
2023-03-09 15:30:00,126.5000,126.5000,125.9800,126.3000,153091
2023-03-09 15:15:00,126.8750,126.9400,126.4600,126.5600,131935
2023-03-09 15:00:00,127.2600,127.3800,126.8600,126.8700,123275
2023-03-09 14:45:00,127.4200,127.4200,127.1700,127.2600,95602
2023-03-09 14:30:00,127.3700,127.5600,127.3400,127.4300,63845
2023-03-09 14:15:00,127.6000,127.6000,127.2800,127.3900,100480
2023-03-09 14:00:00,127.7900,127.7900,127.4600,127.5900,98079
2023-03-09 13:45:00,127.6900,127.8100,127.6000,127.8100,67971
2023-03-09 13:30:00,127.8600,127.9180,127.6400,127.6950,68744
2023-03-09 13:15:00,127.8500,127.9500,127.7900,127.8600,50758
2023-03-09 13:00:00,127.9400,127.9500,127.8300,127.8600,55632
2023-03-09 12:45:00,128.1600,128.1700,127.9000,127.9300,70767
2023-03-09 12:30:00,127.9000,128.1600,127.8800,128.1600,66553
2023-03-09 12:15:00,128.0600,128.0700,127.7936,127.9000,77335
2023-03-09 12:00:00,128.1150,128.1800,128.0500,128.0600,49313
2023-03-09 11:45:00,128.1100,128.2000,128.0300,128.1200,57158
2023-03-09 11:30:00,128.1500,128.2100,128.0600,128.1000,63610
2023-03-09 11:15:00,128.2700,128.3200,128.0694,128.1600,55445
2023-03-09 11:00:00,128.2900,128.5300,128.2400,128.2700,86815
2023-03-09 10:45:00,128.0600,128.2900,128.0400,128.2800,151638
2023-03-09 10:30:00,128.0000,128.1000,127.8450,128.0400,147387
2023-03-09 10:15:00,128.1250,128.1700,127.8450,128.0000,122012
2023-03-09 10:00:00,128.1000,128.2400,127.9400,128.1250,144084
2023-03-09 09:45:00,128.3000,128.4800,128.0635,128.1000,204661
2023-03-09 08:15:00,128.1600,128.1600,128.1600,128.1600,415
2023-03-09 07:15:00,128.0800,128.0800,128.0800,128.0800,120
2023-03-09 06:30:00,128.0000,128.0000,128.0000,128.0000,310
2023-03-09 05:15:00,128.0000,128.0000,128.0000,128.0000,200
2023-03-08 18:45:00,128.0900,128.0900,128.0900,128.0900,219
2023-03-08 17:45:00,128.0500,128.0500,128.0500,128.0500,765
2023-03-08 17:30:00,128.0500,128.2400,128.0500,128.2400,1100
2023-03-08 16:45:00,128.3100,128.3100,128.2500,128.2500,757
2023-03-08 16:15:00,128.0500,128.0500,128.0000,128.0400,39502
2023-03-08 16:00:00,127.9500,128.0950,127.9250,128.0400,327681
2023-03-08 15:45:00,127.6100,127.9750,127.6050,127.9550,131514
2023-03-08 15:30:00,127.6800,127.6800,127.5450,127.6150,77306
2023-03-08 15:15:00,127.6700,127.7500,127.6100,127.6900,71605
2023-03-08 15:00:00,127.9000,127.9250,127.6600,127.6800,70348
2023-03-08 14:45:00,128.1200,128.1200,127.8800,127.8900,77479
2023-03-08 14:30:00,127.9400,128.1250,127.8600,128.1200,72945
2023-03-08 14:15:00,127.9750,128.1000,127.9500,127.9500,59453
2023-03-08 14:00:00,127.9200,128.0400,127.8500,127.9600,64850
2023-03-08 13:45:00,127.9700,128.0100,127.9088,127.9300,68864
2023-03-08 13:30:00,128.1500,128.1800,127.9400,127.9600,49439
2023-03-08 13:15:00,128.2400,128.3300,128.0500,128.1600,65555
2023-03-08 13:00:00,128.2900,128.3259,128.1962,128.2300,53987
2023-03-08 12:45:00,128.1800,128.3100,127.8900,128.2800,57717
2023-03-08 12:30:00,128.2100,128.3300,128.1700,128.1900,57770
2023-03-08 12:15:00,128.6600,128.7300,128.2143,128.2143,178005
2023-03-08 12:00:00,128.3700,128.7400,128.3700,128.6600,54447
2023-03-08 11:45:00,128.3700,128.4100,128.1650,128.3500,51062
2023-03-08 11:30:00,128.4333,128.5200,128.3300,128.3500,66264
2023-03-08 11:15:00,128.2400,128.4900,128.1900,128.4382,50180
2023-03-08 11:00:00,128.3200,128.3600,128.1600,128.2350,54283
2023-03-08 10:45:00,128.3900,128.6200,128.3000,128.3200,82635
2023-03-08 10:30:00,128.4000,128.7100,128.2700,128.3800,80912
2023-03-08 10:15:00,128.5300,128.6700,128.1400,128.4300,93311
2023-03-08 10:00:00,128.5350,128.6813,128.4275,128.5300,114886
2023-03-08 09:45:00,128.4800,128.6350,128.2800,128.5200,242897
2023-03-08 09:30:00,128.8000,128.8000,128.7900,128.8000,646
2023-03-08 08:15:00,128.2023,128.2023,128.2023,128.2023,104
2023-03-07 19:45:00,128.2000,128.2000,128.2000,128.2000,233
2023-03-07 19:30:00,128.3100,128.3100,128.3000,128.3000,1125
2023-03-07 19:15:00,128.3100,128.3100,128.3100,128.3100,520
2023-03-07 19:00:00,128.3100,128.3100,128.3100,128.3100,102
2023-03-07 18:45:00,128.3000,128.3000,128.3000,128.3000,100
2023-03-07 17:00:00,128.3000,128.3000,128.2500,128.2500,2343
2023-03-07 16:15:00,128.2500,128.2500,128.2500,128.2500,79100
2023-03-07 16:00:00,128.3600,128.3750,128.1900,128.2400,429514
2023-03-07 15:45:00,128.3300,128.5500,128.2900,128.3600,141581
2023-03-07 15:30:00,128.3950,128.4081,128.2000,128.3278,123004
2023-03-07 15:15:00,128.2100,128.4400,128.2100,128.4007,126270
2023-03-07 15:00:00,128.3700,128.4400,128.2000,128.2300,68651
2023-03-07 14:45:00,128.4100,128.4900,128.3236,128.3799,60045
2023-03-07 14:30:00,128.5317,128.6400,128.3900,128.4281,53007
2023-03-07 14:15:00,128.3800,128.6200,128.3800,128.5400,76740
2023-03-07 14:00:00,128.4361,128.4700,128.2800,128.3900,63629
2023-03-07 13:45:00,128.4750,128.5250,128.3400,128.4400,68399
2023-03-07 13:30:00,128.5600,128.6732,128.4400,128.4600,87974
2023-03-07 13:15:00,128.7500,128.7800,128.5318,128.5650,77032
2023-03-07 13:00:00,128.9100,129.0000,128.7250,128.7500,65569
2023-03-07 12:45:00,128.9300,129.1100,128.8830,128.9200,54064
2023-03-07 12:30:00,128.9100,129.4600,128.8700,129.0100,92061
2023-03-07 12:15:00,128.7100,128.9500,128.6900,128.9200,69354
2023-03-07 12:00:00,129.0001,129.0200,128.6600,128.7100,80669
2023-03-07 11:45:00,128.7600,129.0306,128.7400,129.0306,72239
2023-03-07 11:30:00,129.0501,129.0800,128.7400,128.7800,113255
2023-03-07 11:15:00,129.2300,129.4000,129.0600,129.0600,48508
2023-03-07 11:00:00,129.4100,129.7100,129.2100,129.2400,74489
2023-03-07 10:45:00,129.5500,129.9800,129.3800,129.4200,89394
2023-03-07 10:30:00,129.3275,129.7850,129.2900,129.5500,89167
2023-03-07 10:15:00,130.2300,130.3000,129.3300,129.3313,147394
2023-03-07 10:00:00,129.8500,130.2450,129.7200,130.2450,96370
2023-03-07 09:45:00,130.2800,130.4200,129.8100,129.8500,181837
2023-03-07 09:30:00,130.1900,130.1900,130.1900,130.1900,33584
2023-03-07 09:15:00,130.3000,130.3000,130.3000,130.3000,234
2023-03-07 07:45:00,130.4000,130.4000,130.4000,130.4000,471
2023-03-06 17:15:00,130.2000,130.2000,130.0100,130.0100,520
2023-03-06 17:00:00,130.2900,130.2900,130.2900,130.2900,195
2023-03-06 16:45:00,130.3100,130.3100,130.2000,130.2000,777
2023-03-06 16:15:00,130.1900,130.1900,129.9000,129.9000,106884
2023-03-06 16:00:00,130.0300,130.2700,130.0100,130.2000,325984
2023-03-06 15:45:00,129.8900,130.0500,129.8450,130.0300,98753
2023-03-06 15:30:00,129.9300,129.9400,129.7600,129.8950,88846
2023-03-06 15:15:00,129.9700,130.0650,129.8700,129.9200,72015
2023-03-06 15:00:00,130.0900,130.0900,129.9100,129.9500,67149
2023-03-06 14:45:00,130.0500,130.0900,129.9000,130.0850,62228
2023-03-06 14:30:00,130.1700,130.1700,129.9400,130.0500,61496
2023-03-06 14:15:00,130.1600,130.1750,130.0411,130.1750,43556
2023-03-06 14:00:00,130.3000,130.3000,130.0900,130.1600,49875
2023-03-06 13:45:00,130.3100,130.3790,130.1200,130.3000,58617
2023-03-06 13:30:00,130.3500,130.4000,130.2300,130.3000,65572
2023-03-06 13:15:00,130.4350,130.4600,130.3100,130.3600,47322
2023-03-06 13:00:00,130.4500,130.4800,130.2600,130.4300,72575
2023-03-06 12:45:00,130.7000,130.7000,130.3900,130.4600,69779
2023-03-06 12:30:00,130.7400,130.8200,130.6800,130.7100,59829
2023-03-06 12:15:00,130.6200,130.7757,130.6200,130.7100,44893
2023-03-06 12:00:00,130.5600,130.7164,130.5150,130.6300,64013
2023-03-06 11:45:00,130.5300,130.5900,130.3600,130.5800,74994
2023-03-06 11:30:00,130.8188,130.8500,130.5200,130.5200,64859
2023-03-06 11:15:00,130.5600,130.8200,130.5300,130.8000,62702
2023-03-06 11:00:00,130.6900,130.8600,130.5000,130.5500,100726
2023-03-06 10:45:00,130.4300,130.7000,130.3800,130.6700,120839
2023-03-06 10:30:00,130.5700,130.7700,130.4100,130.4300,130685
2023-03-06 10:15:00,130.1800,130.6100,130.0900,130.5800,122590
2023-03-06 10:00:00,130.1100,130.2200,130.0100,130.1800,74512
2023-03-06 09:45:00,129.6400,130.2300,129.5900,130.0900,160580
2023-03-06 09:15:00,130.0000,130.0000,130.0000,130.0000,205
2023-03-06 09:00:00,130.0000,130.0000,130.0000,130.0000,211
2023-03-06 08:30:00,129.9800,129.9800,129.8000,129.9300,1160
2023-03-03 18:45:00,129.8000,129.8000,129.8000,129.8000,377
2023-03-03 18:30:00,129.6500,129.7600,129.6500,129.7600,416
2023-03-03 17:15:00,129.6500,129.6500,129.6500,129.6500,800
2023-03-03 16:15:00,129.6400,129.6400,129.6400,129.6400,79188
2023-03-03 16:00:00,129.5500,129.7200,129.5300,129.6400,342038
2023-03-03 15:45:00,129.7300,129.7400,129.5200,129.5500,121234
2023-03-03 15:30:00,129.7700,129.7986,129.6900,129.7400,60029
2023-03-03 15:15:00,129.7100,129.9050,129.6500,129.7700,71608
2023-03-03 15:00:00,129.6300,129.7100,129.5900,129.7100,46704
2023-03-03 14:45:00,129.6200,129.6600,129.5600,129.6300,54619
2023-03-03 14:30:00,129.5200,129.6100,129.4150,129.6100,67435
2023-03-03 14:15:00,129.4000,129.5300,129.3150,129.5300,42473
2023-03-03 14:00:00,129.4200,129.4800,129.3900,129.4046,38609
2023-03-03 13:45:00,129.2700,129.4583,129.1400,129.4400,54475
2023-03-03 13:30:00,129.6000,129.6100,129.2495,129.2600,88376
2023-03-03 13:15:00,129.6424,129.7500,129.6100,129.6200,41808
2023-03-03 13:00:00,129.5150,129.6500,129.4900,129.6300,38640
2023-03-03 12:45:00,129.5500,129.5900,129.4700,129.5150,37042
2023-03-03 12:30:00,129.5000,129.6000,129.3962,129.5400,52120
2023-03-03 12:15:00,129.5600,129.6500,129.4800,129.5100,56689
2023-03-03 12:00:00,129.1600,129.6300,129.1600,129.5600,77446
2023-03-03 11:45:00,129.2205,129.3200,129.1216,129.1400,54058
2023-03-03 11:30:00,129.2400,129.3250,129.1150,129.2200,47735
2023-03-03 11:15:00,129.2900,129.3600,129.1600,129.2300,42040
2023-03-03 11:00:00,129.3000,129.4700,129.2300,129.3000,62905
2023-03-03 10:45:00,129.3500,129.3500,129.1100,129.2869,67023
2023-03-03 10:30:00,129.1300,129.3300,129.0700,129.3300,56165
2023-03-03 10:15:00,129.2600,129.3200,128.7700,129.1194,97267
2023-03-03 10:00:00,129.2500,129.4500,129.1800,129.2201,86121
2023-03-03 09:45:00,129.3500,129.4600,129.1100,129.2800,119217
2023-03-03 09:15:00,129.3000,129.3000,129.3000,129.3000,226
2023-03-03 09:00:00,129.3000,129.3000,129.3000,129.3000,265
2023-03-03 08:30:00,129.1500,129.1500,129.1500,129.1500,100
2023-03-03 08:15:00,129.3500,129.3500,129.3500,129.3500,653
2023-03-03 07:30:00,129.2800,129.2800,129.2800,129.2800,132
2023-03-03 05:30:00,129.5000,129.5000,129.5000,129.5000,310
2023-03-02 18:30:00,128.9400,128.9400,128.9400,128.9400,100
2023-03-02 18:00:00,128.8280,128.8280,128.8280,128.8280,101
2023-03-02 16:15:00,128.9300,128.9300,128.9300,128.9300,104414
2023-03-02 16:00:00,129.0000,129.0600,128.7400,128.9400,494442
2023-03-02 15:45:00,128.8700,129.2200,128.8300,129.0100,133000
2023-03-02 15:30:00,128.7100,128.9100,128.6808,128.8450,88487
2023-03-02 15:15:00,128.6700,128.8000,128.5500,128.7300,80588
2023-03-02 15:00:00,128.5200,128.7008,128.5100,128.6800,58456
2023-03-02 14:45:00,128.7200,128.7700,128.5200,128.5300,84331
2023-03-02 14:30:00,128.5500,128.7450,128.5000,128.7200,56243
2023-03-02 14:15:00,128.5100,128.8401,128.5100,128.5400,76922
2023-03-02 14:00:00,128.0400,128.5200,128.0300,128.5000,76927
2023-03-02 13:45:00,127.7600,128.3900,127.7500,128.0500,107823
2023-03-02 13:30:00,127.8700,127.8900,127.7500,127.7600,119397
2023-03-02 13:15:00,127.8250,127.9150,127.7900,127.8800,74444
2023-03-02 13:00:00,127.9700,127.9800,127.7920,127.8300,71139
2023-03-02 12:45:00,127.9100,128.0400,127.8400,127.9700,63195
2023-03-02 12:30:00,127.8100,127.9000,127.7100,127.9000,75932
2023-03-02 12:15:00,127.9100,128.0700,127.7900,127.8050,50178
2023-03-02 12:00:00,127.8800,127.9600,127.8300,127.9000,77204
2023-03-02 11:45:00,128.0400,128.0900,127.8700,127.8900,55754
2023-03-02 11:30:00,128.1600,128.3200,128.0400,128.0400,62870
2023-03-02 11:15:00,128.2200,128.4000,128.1300,128.1800,54665
2023-03-02 11:00:00,128.0900,128.3500,128.0000,128.2100,70818
2023-03-02 10:45:00,128.1700,128.3100,127.9700,128.1000,85265
2023-03-02 10:30:00,128.2600,128.2950,127.7800,128.1618,64501
2023-03-02 10:15:00,127.8150,128.3045,127.8150,128.2700,97860
2023-03-02 10:00:00,127.8950,128.1000,127.7200,127.8100,175910
2023-03-02 09:45:00,128.3900,128.3900,127.7500,127.9150,212260
2023-03-02 09:30:00,128.0000,128.0000,128.0000,128.0000,2676
2023-03-02 09:00:00,128.1000,128.1000,128.0000,128.0000,906
2023-03-02 08:30:00,128.0000,128.0000,128.0000,128.0000,235
2023-03-02 08:15:00,128.0000,128.0000,128.0000,128.0000,252
2023-03-01 20:00:00,128.5800,128.5800,128.5800,128.5800,100
2023-03-01 18:45:00,128.2000,128.3000,128.0100,128.3000,1763
2023-03-01 18:30:00,128.2000,128.2000,128.2000,128.2000,641
2023-03-01 18:15:00,128.1900,128.1900,128.1900,128.1900,3400
2023-03-01 17:15:00,128.4881,128.4881,128.4881,128.4881,100
2023-03-01 16:45:00,128.1900,128.4795,128.1900,128.4795,731
2023-03-01 16:30:00,128.1126,128.1900,128.1126,128.1900,1763
2023-03-01 16:15:00,128.1900,128.1900,128.0000,128.1900,111923
2023-03-01 16:00:00,128.3600,128.4500,128.1300,128.2100,343668
2023-03-01 15:45:00,128.0900,128.3900,128.0300,128.3550,170831
2023-03-01 15:30:00,128.2350,128.2950,128.0700,128.1000,83792
2023-03-01 15:15:00,127.9900,128.2800,127.9600,128.2350,87414
2023-03-01 15:00:00,128.0900,128.1000,127.9000,128.0000,106523
2023-03-01 14:45:00,127.9300,128.1200,127.8700,128.1100,103409
2023-03-01 14:30:00,128.0800,128.0800,127.9287,127.9500,50236
2023-03-01 14:15:00,128.1300,128.1500,127.9500,128.1100,59988
2023-03-01 14:00:00,128.0300,128.1500,127.9500,128.1246,35155
2023-03-01 13:45:00,128.1600,128.1600,128.0000,128.0100,48578
2023-03-01 13:30:00,128.2100,128.2300,128.0700,128.1500,55769
2023-03-01 13:15:00,128.2500,128.2600,128.1200,128.2100,48411
2023-03-01 13:00:00,128.4300,128.4900,128.2519,128.2650,46233
2023-03-01 12:45:00,128.4300,128.5000,128.3392,128.4299,52556
2023-03-01 12:30:00,128.4660,128.5200,128.3700,128.4200,57178
2023-03-01 12:15:00,128.4300,128.6300,128.3700,128.4800,84558
2023-03-01 12:00:00,128.1900,128.5200,128.1900,128.4200,284956
2023-03-01 11:45:00,128.1700,128.3600,128.0400,128.1790,100024
2023-03-01 11:30:00,128.0200,128.2427,127.7400,128.1900,150330
2023-03-01 11:15:00,128.4700,128.4700,127.9400,128.0250,247011
2023-03-01 11:00:00,128.5300,128.6500,128.4211,128.4600,135971
2023-03-01 10:45:00,128.4600,128.7600,128.4300,128.5124,184600
2023-03-01 10:30:00,128.6700,128.6800,128.4300,128.4700,200251
2023-03-01 10:15:00,129.2400,129.3100,128.6250,128.6707,97144
2023-03-01 10:00:00,129.0064,129.4726,128.9500,129.1750,106663
2023-03-01 09:45:00,128.9000,129.2800,128.6700,129.0000,196382
2023-03-01 09:30:00,128.9100,128.9500,128.6600,128.6600,1735
2023-03-01 08:45:00,129.0000,129.0000,129.0000,129.0000,192
2023-03-01 08:30:00,129.2000,129.2000,129.2000,129.2000,358
2023-03-01 07:30:00,129.5800,129.5800,129.5800,129.5800,450
2023-03-01 06:45:00,129.3200,129.3200,129.3200,129.3200,396
2023-02-28 19:45:00,129.0100,129.0100,129.0100,129.0100,290
2023-02-28 18:45:00,129.1800,129.1800,129.1800,129.1800,449
2023-02-28 18:30:00,129.1800,129.1800,129.1800,129.1800,131
2023-02-28 17:30:00,129.3000,129.3000,129.3000,129.3000,453
2023-02-28 17:15:00,129.3000,129.3000,129.3000,129.3000,322
2023-02-28 16:45:00,129.2900,129.2900,128.9800,129.0500,1244
2023-02-28 16:30:00,129.3000,129.3000,129.2900,129.3000,3646
2023-02-28 16:15:00,129.3000,129.3000,129.3000,129.3000,798554
2023-02-28 16:00:00,129.4300,129.7500,129.2500,129.2500,579567
2023-02-28 15:45:00,129.5000,129.5384,129.4100,129.4250,159143
2023-02-28 15:30:00,129.5750,129.6300,129.4800,129.4950,97184
2023-02-28 15:15:00,129.6700,129.6800,129.5300,129.5800,80292
2023-02-28 15:00:00,129.8500,129.8950,129.6500,129.7000,60834
2023-02-28 14:45:00,129.7350,129.8300,129.5820,129.8200,64695
2023-02-28 14:30:00,129.9100,129.9100,129.6800,129.7200,73041
2023-02-28 14:15:00,129.6400,129.9200,129.5500,129.9150,102240
2023-02-28 14:00:00,129.5500,129.6900,129.4700,129.6250,64103
2023-02-28 13:45:00,129.6000,129.6800,129.4900,129.5450,51117
2023-02-28 13:30:00,129.4900,129.6117,129.3900,129.5950,60075
2023-02-28 13:15:00,129.5800,129.6200,129.5000,129.5000,115855
2023-02-28 13:00:00,129.3800,129.6300,129.3800,129.5800,80612
2023-02-28 12:45:00,129.4550,129.5000,129.3298,129.3800,77366
2023-02-28 12:30:00,129.4100,129.6050,129.4100,129.4550,57042
2023-02-28 12:15:00,129.2400,129.4300,129.2400,129.4000,54717
2023-02-28 12:00:00,129.3800,129.4000,129.1400,129.2312,70558
2023-02-28 11:45:00,129.6800,129.6950,129.3700,129.4000,74805
2023-02-28 11:30:00,129.7526,129.8750,129.6700,129.6800,93893
2023-02-28 11:15:00,129.6800,129.9750,129.6800,129.7700,93444
2023-02-28 11:00:00,129.5298,129.6800,129.3900,129.6800,102848
2023-02-28 10:45:00,129.4900,129.6500,129.3800,129.5300,126765
2023-02-28 10:30:00,129.5900,129.7200,129.4000,129.4900,133600
2023-02-28 10:15:00,130.0350,130.2036,129.4700,129.6100,124793
2023-02-28 10:00:00,129.9987,130.2900,129.9987,130.0290,116486
2023-02-28 09:45:00,130.5500,130.6100,129.5200,130.0000,193488
2023-02-28 05:45:00,130.4900,130.4900,130.4900,130.4900,218
2023-02-27 18:15:00,130.6399,130.6400,130.6399,130.6400,620
2023-02-27 18:00:00,130.6375,130.6399,130.6375,130.6399,623
2023-02-27 16:15:00,130.4900,130.4900,130.4900,130.4900,77834
2023-02-27 16:00:00,130.3600,130.5300,130.3300,130.5000,276170
2023-02-27 15:45:00,130.4400,130.4400,130.1300,130.3600,124036
2023-02-27 15:30:00,130.4950,130.5050,130.3250,130.4400,101145
2023-02-27 15:15:00,130.5500,130.6200,130.3800,130.4900,101044
2023-02-27 15:00:00,130.7300,130.7600,130.5601,130.5700,74156
2023-02-27 14:45:00,130.9900,131.1000,130.6900,130.7300,98507
2023-02-27 14:30:00,131.2500,131.2500,130.9300,130.9900,71737
2023-02-27 14:15:00,131.3050,131.3700,131.2100,131.2700,42409
2023-02-27 14:00:00,131.2800,131.3700,131.1850,131.2900,60794
2023-02-27 13:45:00,131.3000,131.3900,131.2400,131.2900,56408
2023-02-27 13:30:00,131.3000,131.3300,131.2200,131.3100,56024
2023-02-27 13:15:00,131.1100,131.3000,131.0500,131.3000,42915
2023-02-27 13:00:00,130.8290,131.1300,130.8250,131.1000,71164
2023-02-27 12:45:00,130.6500,130.8600,130.6500,130.8100,71096
2023-02-27 12:30:00,130.6800,130.7350,130.5400,130.6700,71509
2023-02-27 12:15:00,130.7900,130.8100,130.6200,130.6900,94208
2023-02-27 12:00:00,130.7750,130.9300,130.7600,130.7800,76003
2023-02-27 11:45:00,130.6300,130.8100,130.4300,130.7800,80247
2023-02-27 11:30:00,130.7700,130.8100,130.5900,130.6400,61112
2023-02-27 11:15:00,131.0900,131.1300,130.7500,130.7700,63429
2023-02-27 11:00:00,131.2961,131.2961,130.9100,131.0800,65453
2023-02-27 10:45:00,131.6950,131.7000,131.1300,131.2800,143533
2023-02-27 10:30:00,131.7300,131.8700,131.6600,131.6882,71978
2023-02-27 10:15:00,131.6100,131.8100,131.5300,131.7000,74443
2023-02-27 10:00:00,131.2600,131.6750,131.1271,131.5800,92658
2023-02-27 09:45:00,131.4200,131.4780,131.0550,131.2700,189747
2023-02-27 09:30:00,131.0100,131.0100,131.0100,131.0100,330
2023-02-27 09:15:00,131.3800,131.3800,131.3800,131.3800,593
2023-02-27 07:15:00,130.9100,130.9100,130.9100,130.9100,228
